s_no,error_type,username,user_id,osm_location_link,changeset_id,changeset_link,osm_object_type,osm_object_id,time_utc,country,detail,hashtag
1,crossing highway,World_Winner,20144448,https://www.openstreetmap.org/#map=18/33.381876/-96.580659,184896174,https://www.openstreetmap.org/changeset/184896174,way,974945570,2026-07-01T06:20:09Z,United States,crosses way 55044391 without a shared junction node,tt_mapfeedback
2,crossing highway,World_Winner,20144448,https://www.openstreetmap.org/#map=18/33.394719/-96.580300,184896174,https://www.openstreetmap.org/changeset/184896174,way,974945570,2026-07-01T06:20:09Z,United States,crosses way 1547546393 without a shared junction node,tt_mapfeedback
3,floating highway,World_Winner,20144448,https://www.openstreetmap.org/#map=18/45.629688/12.502389,184895731,https://www.openstreetmap.org/changeset/184895731,way,183787458,2026-07-01T06:06:25Z,Italy,way 183787458: neither endpoint connects to any other highway -- isolated from the road network,tt_mapfeedback
4,overlapping highway,World_Winner,20144448,https://www.openstreetmap.org/#map=18/51.465252/-0.378206,184897853,https://www.openstreetmap.org/changeset/184897853,way,1534190310,2026-07-01T07:10:50Z,United Kingdom,runs alongside existing way 1534190323 (both 'primary') for 61% of its length,tt_mapfeedback
5,overlapping highway,World_Winner,20144448,https://www.openstreetmap.org/#map=18/51.465233/-0.378202,184897853,https://www.openstreetmap.org/changeset/184897853,way,1534190326,2026-07-01T07:10:50Z,United Kingdom,runs alongside existing way 1534190323 (both 'primary') for 61% of its length,tt_mapfeedback
6,overlapping highway,World_Winner,20144448,https://www.openstreetmap.org/#map=18/51.465233/-0.378202,184897853,https://www.openstreetmap.org/changeset/184897853,way,1534190327,2026-07-01T07:10:50Z,United Kingdom,runs alongside existing way 1534190323 (both 'primary') for 61% of its length,tt_mapfeedback
7,overlapping highway,World_Winner,20144448,https://www.openstreetmap.org/#map=18/51.465233/-0.378202,184897853,https://www.openstreetmap.org/changeset/184897853,way,972350551,2026-07-01T07:10:50Z,United Kingdom,runs alongside existing way 1534190323 (both 'primary') for 61% of its length,tt_mapfeedback
8,floating highway,Tinetto,14728702,https://www.openstreetmap.org/#map=18/33.017368/-96.983975,184904210,https://www.openstreetmap.org/changeset/184904210,way,1170383461,2026-07-01T09:46:32Z,United States,way 1170383461: neither endpoint connects to any other highway -- isolated from the road network,tt_mapfeedback
9,overlapping highway,World_Winner,20144448,https://www.openstreetmap.org/#map=18/51.465252/-0.378206,184903431,https://www.openstreetmap.org/changeset/184903431,way,1534190310,2026-07-01T09:30:37Z,United Kingdom,runs alongside existing way 1534190323 (both 'primary') for 61% of its length,tt_mapfeedback
10,overlapping highway,World_Winner,20144448,https://www.openstreetmap.org/#map=18/51.465276/-0.378098,184903431,https://www.openstreetmap.org/changeset/184903431,way,1534190318,2026-07-01T09:30:37Z,United Kingdom,runs alongside existing way 1534190309 (both 'primary') for 61% of its length,tt_mapfeedback
11,feature mapped without primary tag,Tinetto,14728702,https://www.openstreetmap.org/#map=18/36.899501/30.620452,184911100,https://www.openstreetmap.org/changeset/184911100,node,11893554723,2026-07-01T12:23:00Z,Turkey,node 11893554723: tags present but none are a primary key: ['fixme'],tt_mapfeedback
12,feature mapped without primary tag,Tinetto,14728702,https://www.openstreetmap.org/#map=18/36.899688/30.620495,184911100,https://www.openstreetmap.org/changeset/184911100,node,11893554727,2026-07-01T12:23:00Z,Turkey,node 11893554727: tags present but none are a primary key: ['fixme'],tt_mapfeedback
13,feature mapped without primary tag,Tinetto,14728702,https://www.openstreetmap.org/#map=18/36.896859/30.619614,184911100,https://www.openstreetmap.org/changeset/184911100,node,11893554933,2026-07-01T12:23:00Z,Turkey,node 11893554933: tags present but none are a primary key: ['fixme'],tt_mapfeedback
14,feature mapped without primary tag,Tinetto,14728702,https://www.openstreetmap.org/#map=18/36.897434/30.620100,184911100,https://www.openstreetmap.org/changeset/184911100,node,11893554938,2026-07-01T12:23:00Z,Turkey,node 11893554938: tags present but none are a primary key: ['fixme'],tt_mapfeedback
15,feature mapped without primary tag,Tinetto,14728702,https://www.openstreetmap.org/#map=18/36.897262/30.619942,184911100,https://www.openstreetmap.org/changeset/184911100,node,11893554940,2026-07-01T12:23:00Z,Turkey,node 11893554940: tags present but none are a primary key: ['fixme'],tt_mapfeedback
16,feature mapped without primary tag,Tinetto,14728702,https://www.openstreetmap.org/#map=18/36.898185/30.620612,184911100,https://www.openstreetmap.org/changeset/184911100,node,11893554949,2026-07-01T12:23:00Z,Turkey,node 11893554949: tags present but none are a primary key: ['fixme'],tt_mapfeedback
17,floating highway,Gorger,20415418,https://www.openstreetmap.org/#map=18/35.630788/-77.431310,184902553,https://www.openstreetmap.org/changeset/184902553,way,514050232,2026-07-01T09:11:59Z,United States,way 514050232: neither endpoint connects to any other highway -- isolated from the road network,tt_mapfeedback
18,crossing highway,Tinetto,14728702,https://www.openstreetmap.org/#map=18/37.776513/-122.291352,184902303,https://www.openstreetmap.org/changeset/184902303,way,1534212583,2026-07-01T09:06:34Z,United States,crosses way 465435441 without a shared junction node,tt_mapfeedback
19,crossing highway,Tinetto,14728702,https://www.openstreetmap.org/#map=18/37.776571/-122.291380,184902303,https://www.openstreetmap.org/changeset/184902303,way,1534212584,2026-07-01T09:06:34Z,United States,crosses way 465435441 without a shared junction node,tt_mapfeedback
20,floating highway,Tinetto,14728702,https://www.openstreetmap.org/#map=18/32.664672/-97.243275,184907492,https://www.openstreetmap.org/changeset/184907492,way,419107918,2026-07-01T10:57:39Z,United States,way 419107918: neither endpoint connects to any other highway -- isolated from the road network,tt_mapfeedback
21,crossing highway,rajdhani,20051396,https://www.openstreetmap.org/#map=18/52.670321/-2.075020,184906927,https://www.openstreetmap.org/changeset/184906927,way,3092307,2026-07-01T10:44:39Z,United Kingdom,crosses way 70762147 without a shared junction node,tt_mapfeedback
22,crossing highway,rajdhani,20051396,https://www.openstreetmap.org/#map=18/52.634556/-2.051663,184906927,https://www.openstreetmap.org/changeset/184906927,way,3092220,2026-07-01T10:44:39Z,United Kingdom,crosses way 142603330 without a shared junction node,tt_mapfeedback
23,crossing highway,rajdhani,20051396,https://www.openstreetmap.org/#map=18/52.636754/-2.052829,184906927,https://www.openstreetmap.org/changeset/184906927,way,3092220,2026-07-01T10:44:39Z,United Kingdom,crosses way 31744044 without a shared junction node,tt_mapfeedback
24,crossing highway,rajdhani,20051396,https://www.openstreetmap.org/#map=18/52.643209/-2.056224,184906927,https://www.openstreetmap.org/changeset/184906927,way,3092220,2026-07-01T10:44:39Z,United Kingdom,crosses way 61460700 without a shared junction node,tt_mapfeedback
25,crossing highway,rajdhani,20051396,https://www.openstreetmap.org/#map=18/52.647000/-2.058182,184906927,https://www.openstreetmap.org/changeset/184906927,way,3092220,2026-07-01T10:44:39Z,United Kingdom,crosses way 70759825 without a shared junction node,tt_mapfeedback
26,crossing highway,rajdhani,20051396,https://www.openstreetmap.org/#map=18/52.657825/-2.063919,184906927,https://www.openstreetmap.org/changeset/184906927,way,3092220,2026-07-01T10:44:39Z,United Kingdom,crosses way 69294599 without a shared junction node,tt_mapfeedback
27,crossing highway,rajdhani,20051396,https://www.openstreetmap.org/#map=18/52.659027/-2.064546,184906927,https://www.openstreetmap.org/changeset/184906927,way,3092220,2026-07-01T10:44:39Z,United Kingdom,crosses way 69294597 without a shared junction node,tt_mapfeedback
28,crossing highway,rajdhani,20051396,https://www.openstreetmap.org/#map=18/52.666027/-2.067793,184906927,https://www.openstreetmap.org/changeset/184906927,way,3092220,2026-07-01T10:44:39Z,United Kingdom,crosses way 70761887 without a shared junction node,tt_mapfeedback
29,crossing highway,rajdhani,20051396,https://www.openstreetmap.org/#map=18/52.670567/-2.075026,184906927,https://www.openstreetmap.org/changeset/184906927,way,3092220,2026-07-01T10:44:39Z,United Kingdom,crosses way 70762147 without a shared junction node,tt_mapfeedback
30,crossing highway,Gorger,20415418,https://www.openstreetmap.org/#map=18/32.669272/-97.216180,184906627,https://www.openstreetmap.org/changeset/184906627,way,10041240,2026-07-01T10:37:28Z,United States,crosses way 28266123 without a shared junction node,tt_mapfeedback
31,crossing highway,Gorger,20415418,https://www.openstreetmap.org/#map=18/32.670993/-97.209174,184906627,https://www.openstreetmap.org/changeset/184906627,way,10041240,2026-07-01T10:37:28Z,United States,crosses way 28266104 without a shared junction node,tt_mapfeedback
32,crossing highway,Tinetto,14728702,https://www.openstreetmap.org/#map=18/32.667961/-97.223158,184906166,https://www.openstreetmap.org/changeset/184906166,way,1534231283,2026-07-01T10:27:37Z,Unknown,crosses way 28266315 without a shared junction node,tt_mapfeedback
33,crossing highway,Tinetto,14728702,https://www.openstreetmap.org/#map=18/32.668289/-97.223159,184906166,https://www.openstreetmap.org/changeset/184906166,way,1534231283,2026-07-01T10:27:37Z,Unknown,crosses way 1534230729 without a shared junction node,tt_mapfeedback
34,crossing highway,Tinetto,14728702,https://www.openstreetmap.org/#map=18/32.667101/-97.223053,184906166,https://www.openstreetmap.org/changeset/184906166,way,1534231285,2026-07-01T10:27:37Z,Unknown,crosses way 1312752276 without a shared junction node,tt_mapfeedback
35,floating highway,Tinetto,14728702,https://www.openstreetmap.org/#map=18/32.667253/-97.224460,184906166,https://www.openstreetmap.org/changeset/184906166,way,1335590963,2026-07-01T10:27:37Z,Unknown,way 1335590963: neither endpoint connects to any other highway -- isolated from the road network,tt_mapfeedback
36,crossing highway,rajdhani,20051396,https://www.openstreetmap.org/#map=18/51.815404/-2.071434,184906000,https://www.openstreetmap.org/changeset/184906000,way,1297786725,2026-07-01T10:24:42Z,United Kingdom,crosses way 1536149403 without a shared junction node,tt_mapfeedback
37,crossing highway,Tinetto,14728702,https://www.openstreetmap.org/#map=18/32.668889/-97.229708,184905876,https://www.openstreetmap.org/changeset/184905876,way,1534230728,2026-07-01T10:22:28Z,United States,crosses way 147406798 without a shared junction node,tt_mapfeedback
38,crossing highway,Tinetto,14728702,https://www.openstreetmap.org/#map=18/32.669280/-97.232903,184905876,https://www.openstreetmap.org/changeset/184905876,way,1534230728,2026-07-01T10:22:28Z,United States,crosses way 10028039 without a shared junction node,tt_mapfeedback
39,crossing highway,Tinetto,14728702,https://www.openstreetmap.org/#map=18/32.668286/-97.223357,184905876,https://www.openstreetmap.org/changeset/184905876,way,1534230729,2026-07-01T10:22:28Z,United States,crosses way 10055018 without a shared junction node,tt_mapfeedback
40,crossing highway,Tinetto,14728702,https://www.openstreetmap.org/#map=18/32.668289/-97.223159,184905876,https://www.openstreetmap.org/changeset/184905876,way,1534230729,2026-07-01T10:22:28Z,United States,crosses way 1534231283 without a shared junction node,tt_mapfeedback
41,crossing highway,Tinetto,14728702,https://www.openstreetmap.org/#map=18/32.668282/-97.223559,184905876,https://www.openstreetmap.org/changeset/184905876,way,1534230729,2026-07-01T10:22:28Z,United States,crosses way 1526219075 without a shared junction node,tt_mapfeedback
42,crossing highway,Tinetto,14728702,https://www.openstreetmap.org/#map=18/32.669305/-97.232921,184905876,https://www.openstreetmap.org/changeset/184905876,way,1534230730,2026-07-01T10:22:28Z,United States,crosses way 10028039 without a shared junction node,tt_mapfeedback
43,crossing highway,Tinetto,14728702,https://www.openstreetmap.org/#map=18/32.675838/-97.240029,184905876,https://www.openstreetmap.org/changeset/184905876,way,1055050262,2026-07-01T10:22:28Z,United States,crosses way 1555122145 without a shared junction node,tt_mapfeedback
44,crossing highway,Tinetto,14728702,https://www.openstreetmap.org/#map=18/32.671558/-97.239314,184905876,https://www.openstreetmap.org/changeset/184905876,way,10041247,2026-07-01T10:22:28Z,United States,crosses way 28266531 without a shared junction node,tt_mapfeedback
45,overlapping highway,Tinetto,14728702,https://www.openstreetmap.org/#map=18/32.669284/-97.232801,184905876,https://www.openstreetmap.org/changeset/184905876,way,1534230728,2026-07-01T10:22:28Z,United States,runs alongside existing way 1534230730 (both 'motorway_link') for 70% of its length,tt_mapfeedback
46,floating highway,rajdhani,20051396,https://www.openstreetmap.org/#map=18/32.684540/-97.239981,184905589,https://www.openstreetmap.org/changeset/184905589,way,419200002,2026-07-01T10:16:41Z,United States,way 419200002: neither endpoint connects to any other highway -- isolated from the road network,tt_mapfeedback
47,crossing highway,World_Winner,20144448,https://www.openstreetmap.org/#map=18/53.585230/-0.621184,184908691,https://www.openstreetmap.org/changeset/184908691,way,61424646,2026-07-01T11:27:40Z,United Kingdom,crosses way 151837383 without a shared junction node,tt_mapfeedback
48,crossing highway,Gorger,20415418,https://www.openstreetmap.org/#map=18/28.618568/-81.258908,184908037,https://www.openstreetmap.org/changeset/184908037,way,1031625314,2026-07-01T11:10:26Z,United States,crosses way 1022572257 without a shared junction node,tt_mapfeedback
49,crossing highway,Gorger,20415418,https://www.openstreetmap.org/#map=18/28.618567/-81.258630,184908037,https://www.openstreetmap.org/changeset/184908037,way,1031625314,2026-07-01T11:10:26Z,United States,crosses way 1022572259 without a shared junction node,tt_mapfeedback
50,crossing highway,Gorger,20415418,https://www.openstreetmap.org/#map=18/28.618777/-81.258925,184908037,https://www.openstreetmap.org/changeset/184908037,way,655701228,2026-07-01T11:10:26Z,United States,crosses way 1022572257 without a shared junction node,tt_mapfeedback
51,crossing highway,Gorger,20415418,https://www.openstreetmap.org/#map=18/28.618780/-81.258649,184908037,https://www.openstreetmap.org/changeset/184908037,way,655701228,2026-07-01T11:10:26Z,United States,crosses way 1022572259 without a shared junction node,tt_mapfeedback
52,floating highway,Gorger,20415418,https://www.openstreetmap.org/#map=18/28.619697/-81.257695,184908037,https://www.openstreetmap.org/changeset/184908037,way,1531492831,2026-07-01T11:10:26Z,United States,way 1531492831: neither endpoint connects to any other highway -- isolated from the road network,tt_mapfeedback
53,floating highway,Gorger,20415418,https://www.openstreetmap.org/#map=18/28.618967/-81.256961,184908037,https://www.openstreetmap.org/changeset/184908037,way,655701228,2026-07-01T11:10:26Z,United States,way 655701228: neither endpoint connects to any other highway -- isolated from the road network,tt_mapfeedback
54,floating highway,Gorger,20415418,https://www.openstreetmap.org/#map=18/28.624249/-81.254990,184908037,https://www.openstreetmap.org/changeset/184908037,way,46594300,2026-07-01T11:10:26Z,United States,way 46594300: neither endpoint connects to any other highway -- isolated from the road network,tt_mapfeedback
55,crossing highway,Tinetto,14728702,https://www.openstreetmap.org/#map=18/36.899861/30.625471,184911100,https://www.openstreetmap.org/changeset/184911100,way,209512757,2026-07-01T12:23:00Z,Turkey,crosses way 1545406160 without a shared junction node,tt_mapfeedback
56,crossing highway,Tinetto,14728702,https://www.openstreetmap.org/#map=18/36.899978/30.625489,184911100,https://www.openstreetmap.org/changeset/184911100,way,209512757,2026-07-01T12:23:00Z,Turkey,crosses way 1545406161 without a shared junction node,tt_mapfeedback
57,crossing highway,Tinetto,14728702,https://www.openstreetmap.org/#map=18/36.899794/30.625936,184911100,https://www.openstreetmap.org/changeset/184911100,way,127312914,2026-07-01T12:23:00Z,Turkey,crosses way 1545406160 without a shared junction node,tt_mapfeedback
58,crossing highway,Tinetto,14728702,https://www.openstreetmap.org/#map=18/36.900528/30.652563,184911100,https://www.openstreetmap.org/changeset/184911100,way,554663165,2026-07-01T12:23:00Z,Turkey,crosses way 1545410532 without a shared junction node,tt_mapfeedback
59,crossing highway,Tinetto,14728702,https://www.openstreetmap.org/#map=18/36.900241/30.656508,184911100,https://www.openstreetmap.org/changeset/184911100,way,554663165,2026-07-01T12:23:00Z,Turkey,crosses way 1091733578 without a shared junction node,tt_mapfeedback
60,crossing highway,Tinetto,14728702,https://www.openstreetmap.org/#map=18/36.900637/30.660256,184911100,https://www.openstreetmap.org/changeset/184911100,way,554663165,2026-07-01T12:23:00Z,Turkey,crosses way 435014049 without a shared junction node,tt_mapfeedback
61,crossing highway,Tinetto,14728702,https://www.openstreetmap.org/#map=18/36.901269/30.645914,184911100,https://www.openstreetmap.org/changeset/184911100,way,554663165,2026-07-01T12:23:00Z,Turkey,crosses way 1214360262 without a shared junction node,tt_mapfeedback
62,broken highway continuity,Tinetto,14728702,https://www.openstreetmap.org/#map=18/36.897441/30.619645,184911100,https://www.openstreetmap.org/changeset/184911100,way,1534252088,2026-07-01T12:23:00Z,Turkey,'Antalya Batı Çevre Yolu' looks continuous but way 1534252088 and way 1431947740 are 3.32m apart with no shared node,tt_mapfeedback
63,broken highway continuity,Tinetto,14728702,https://www.openstreetmap.org/#map=18/36.898475/30.618917,184911100,https://www.openstreetmap.org/changeset/184911100,way,554663162,2026-07-01T12:23:00Z,Turkey,'Antalya Batı Çevre Yolu' looks continuous but way 554663162 and way 554663146 are 2.18m apart with no shared node,tt_mapfeedback
64,floating highway,Tinetto,14728702,https://www.openstreetmap.org/#map=18/36.898776/30.618522,184911100,https://www.openstreetmap.org/changeset/184911100,way,209518678,2026-07-01T12:23:00Z,Turkey,way 209518678: neither endpoint connects to any other highway -- isolated from the road network,tt_mapfeedback
65,floating highway,Tinetto,14728702,https://www.openstreetmap.org/#map=18/36.897966/30.619299,184911100,https://www.openstreetmap.org/changeset/184911100,way,554663162,2026-07-01T12:23:00Z,Turkey,way 554663162: neither endpoint connects to any other highway -- isolated from the road network,tt_mapfeedback
66,floating highway,Tinetto,14728702,https://www.openstreetmap.org/#map=18/36.896134/30.635280,184911100,https://www.openstreetmap.org/changeset/184911100,way,1092006803,2026-07-01T12:23:00Z,Turkey,way 1092006803: neither endpoint connects to any other highway -- isolated from the road network,tt_mapfeedback
